week,ret_1w,ret_1w_fwd,extreme_down,extreme_up,cand_down,rwdv_63,semidev_63,sd_63,arkf_ret_4w,qqq_ret_4w
2021-03-19,0.01698275377795433,-0.07650151795914595,0,0,0,0.3924337710663847,0.48225281768915984,0.7298148581357301,-0.16240620334493494,-0.05552833274059932
2021-03-26,-0.07650151795914595,0.16103353377006824,0,1,0,0.3676808125294889,0.43594981790373744,0.6947436920274933,-0.10118851831195297,0.007165780320641524
2021-04-02,0.16103353377006824,-0.012087424968833527,0,0,0,0.3781847419356643,0.41939436814152536,0.6681422672623416,0.0240419520092785,0.06640698699733427
2021-04-09,-0.012087424968833527,0.10797923272784571,0,0,0,0.34943101450344816,0.4236845224074298,0.6343817825628254,-0.002186205398492014,0.059494220957605926
2021-04-16,0.10797923272784571,-0.129418508517807,0,0,1,0.34672361920634975,0.41620085488224223,0.5932579070236086,0.0265477240383869,0.09297070140976071
2021-04-23,-0.129418508517807,0.14664776641241462,0,1,0,0.34788959889918425,0.47446073754778584,0.6274884216132142,0.07380479074351598,0.08638468246770081
2021-04-30,0.14664776641241462,0.12165225406906499,0,1,0,0.39642373955625554,0.34470102904523525,0.5653307478352658,-0.007056345245362472,0.040515144407068604
2021-05-07,0.12165225406906499,0.0025275511187243804,0,0,0,0.27000171175883314,0.32374728994212587,0.5407587965044867,-0.10408471408633524,-0.008669646435340184
2021-05-14,0.0025275511187243804,-0.37608403707552307,1,0,1,0.25434543765245454,0.36569543340749916,0.5676117943529954,-0.147699288048325,-0.046746879572082456
2021-05-21,-0.37608403707552307,-0.014540849726281668,0,0,0,0.2530980817398176,0.6675159308865191,0.8002779219591913,-0.10960363275889184,-0.03724749825972484
2021-05-28,-0.014540849726281668,0.049197998398169185,0,0,0,0.3384012592191852,0.7196304136660829,0.9060238379330066,-0.04742265822683445,-0.0120849032415844
2021-06-04,0.049197998398169185,-0.06494170452103809,0,0,0,0.6170756989449577,0.7346367926721316,0.9216349753948383,0.01383540379644499,0.01226180028949031
2021-06-11,-0.06494170452103809,-0.0381212096788347,0,0,0,0.6337912822416356,0.749687642907897,0.9413760398610528,0.11800593976161933,0.06632965580106553
2021-06-18,-0.0381212096788347,-0.1434125685891522,0,0,1,0.6448379336659887,0.7713603138261411,0.956509417552917,0.07893838212209126,0.04111025643453203
2021-06-25,-0.1434125685891522,0.06951208234403161,0,0,0,0.6443259822812801,0.7798499357697398,0.9709770221576144,0.07199018263262635,0.04976647614847973
2021-07-02,0.06951208234403161,0.002148026204161768,0,0,0,0.6662692220548193,0.7888697430299083,0.9727590977239193,0.07454083606354667,0.06755870288329824
2021-07-09,0.002148026204161768,-0.08496119276627512,0,0,0,0.6646642184292745,0.8019538192809602,0.9680561998540153,0.05417224092585604,0.06009048707839604
2021-07-16,-0.08496119276627512,0.0700888377157215,0,0,0,0.6663333904891424,0.7924214764742449,0.9426224802279529,-0.024120947983052865,0.036045003727895875
2021-07-23,0.0700888377157215,0.18134067609519477,0,1,0,0.6869812940158965,0.5617816935742824,0.7937231864559696,-0.00633738651214788,0.051007435469291096
2021-07-30,0.18134067609519477,0.09530578594886352,0,0,0,0.6434322515235362,0.47130960634556734,0.6792177927173927,-0.05209213667714607,0.027812841506905883
2021-08-06,0.09530578594886352,0.1137737175976874,0,1,0,0.37324091223400624,0.4529232856835347,0.6599960445157919,-0.009685718684465883,0.019313137722121176
2021-08-13,0.1137737175976874,0.023067094586111003,0,0,0,0.3430800677889037,0.4221646021277371,0.646407436703524,0.027574542408653535,0.030893650869033173
2021-08-20,0.023067094586111003,-0.010195486110479601,0,0,0,0.321512339939314,0.38655768226567083,0.6149054509146129,-0.05042760038219596,-0.001277560860885707
2021-08-27,-0.010195486110479601,0.1134206911826886,0,0,0,0.3236109997338926,0.29580996084062233,0.5402772289798008,0.05695015065289466,0.030977007041707694
2021-09-03,0.1134206911826886,-0.12945354155565814,1,0,1,0.20627120559162762,0.26906875940383285,0.5020011821656096,0.04897179914231753,0.0360753636375879
2021-09-10,-0.12945354155565814,0.04445243632404883,0,0,0,0.19954308801525095,0.35251771267463633,0.5497090991440189,0.0,0.02435223204300474
2021-09-17,0.04445243632404883,-0.12813112189202602,0,0,1,0.3181397098947007,0.3405998997463634,0.5463625205158432,0.05046675509764942,0.026757369701915223
2021-09-24,-0.12813112189202602,0.08316480029550666,0,0,0,0.28127566607916443,0.4281498992628953,0.604854230384844,-0.0080413044014076,0.003548503272813086
2021-10-01,0.08316480029550666,0.13539006041318646,0,1,0,0.35022338170059836,0.44087894744632566,0.6202012568076231,-0.08893463654982092,-0.053511539979943734
2021-10-08,0.13539006041318646,0.08327018209950099,0,0,0,0.36450946810777357,0.4354524145853965,0.6145712233000732,-0.03943403666566869,-0.04072791346151394
2021-10-15,0.08327018209950099,0.03234265026939709,0,0,0,0.36350914021392516,0.4319001719160892,0.600343700161704,0.002268875366169709,-0.012059163530858008
2021-10-22,0.03234265026939709,0.04631659736683291,0,0,0,0.36367315732841676,0.432151507934523,0.5976722779480764,0.019983483297440596,0.0020604068734950687
2021-10-29,0.04631659736683291,0.01097047469984691,0,0,0,0.360733977056021,0.43236771828204107,0.6046259581777748,0.0700101584760251,0.06951855142440522
2021-11-05,0.01097047469984691,0.03730256200756865,0,0,0,0.3594562529604616,0.43361701588239165,0.5948053790389359,0.05249125117066189,0.09863740377072716
2021-11-12,0.03730256200756865,-0.10684898981549229,1,0,1,0.3599716966803124,0.34216169604488406,0.5363177924350518,-0.0034052463970284386,0.06749218777278188
2021-11-19,-0.10684898981549229,-0.02038618208283749,0,0,0,0.25697429586271536,0.37019436633306957,0.5477305118377048,-0.05241454244907162,0.0768670449429889
2021-11-26,-0.02038618208283749,0.00944958977470245,0,0,0,0.28081241668723467,0.2770076812570886,0.4735358875761587,-0.1178532193910784,0.018003451838103146
2021-12-03,0.00944958977470245,-0.10016193563978626,0,0,1,0.2033493308438408,0.28200351699044524,0.4472960809680331,-0.25365257241971584,-0.03863026506450584
2021-12-10,-0.10016193563978626,-0.0347314392730218,0,0,0,0.18607930129559555,0.38720610591809246,0.5100523960321041,-0.19569220029450474,0.018818587373300666
2021-12-17,-0.0347314392730218,0.07188980050878269,0,0,0,0.2541506456931556,0.41657895738548373,0.5239372232477696,-0.22774266393194864,-0.042820488718255945
2021-12-24,0.07188980050878269,-0.08925255940427723,0,0,0,0.2934939784509055,0.4087529302473247,0.5131797076075055,-0.14128013547182228,-0.00334859214395955
2021-12-31,-0.08925255940427723,-0.12266987746220559,1,0,1,0.298418185393586,0.4303315863851423,0.5125467147757699,-0.07700637394784238,0.021435614679207404
2022-01-07,-0.12266987746220559,0.016185509094368444,0,0,0,0.31794823555097096,0.46540054292045396,0.5290947118286216,-0.17258589961772364,-0.03458620571711979
2022-01-14,0.016185509094368444,-0.16115611830412424,0,0,1,0.33315261487548964,0.4681581161512876,0.527929079831508,-0.13095808077917948,-0.016537145234367223
2022-01-21,-0.16115611830412424,-0.04594851191128457,0,0,0,0.37251164075004145,0.5270113105098606,0.5785102580858976,-0.28461389459194475,-0.11347401580716099
2022-01-28,-0.04594851191128457,0.10856330849036655,0,0,0,0.35306115065982263,0.5518900996345762,0.6018719533566863,-0.32260079646884865,-0.12927632962317404
2022-02-04,0.10856330849036655,0.05017337574857972,0,0,0,0.4590479620226942,0.5439774054888067,0.6301209318192311,-0.16411862514388798,-0.07013358027924976
2022-02-11,0.05017337574857972,-0.057419922894527575,0,0,0,0.45587973209323746,0.4858776972140635,0.591712593095097,-0.10891664337409779,-0.0844966889892591
2022-02-18,-0.057419922894527575,-0.03449073241153555,0,0,0,0.42275155197988135,0.4889081513871173,0.5968462676167441,-0.06701388892432503,-0.029372822056197734
2022-02-25,-0.03449073241153555,0.006854475432181761,0,0,0,0.4023183057590816,0.5034899052680328,0.6136705448425439,0.026778159988655847,0.013597871786151572
2022-03-04,0.006854475432181761,-0.03126694218209325,0,0,0,0.43705095459944276,0.516865475812661,0.6630769673271222,-0.1284183558081442,-0.04705216677247748
2022-03-11,-0.03126694218209325,0.08619395218026793,0,0,0,0.4217993623347911,0.4949972502055413,0.6615290933479536,-0.29809184954414114,-0.09975593937848348
2022-03-18,0.08619395218026793,0.0719169933097682,0,0,0,0.44691947195746956,0.48998240769520074,0.6608666222333198,-0.017735058027751105,0.017333244703688244
2022-03-25,0.0719169933097682,0.05481207663731491,0,0,0,0.4182333587517958,0.3971792565195282,0.6014169121682881,-0.02712614774204214,0.03975878704351121
2022-04-01,0.05481207663731491,-0.05724720898385005,0,0,0,0.4131687712479329,0.3371361325918509,0.5601890715622677,0.12026054249874862,0.07149253669070887
2022-04-08,-0.05724720898385005,-0.06069623101412425,0,0,0,0.27505161471979045,0.35582542608009304,0.5331252335234242,0.092178220387241,0.07475971010321025
2022-04-15,-0.06069623101412425,-0.013563216188028915,0,0,0,0.27566144083465205,0.3674490656250488,0.5289718520455314,-0.09813260421616965,-0.01636720866073116
2022-04-22,-0.013563216188028915,-0.03546415753002119,0,0,0,0.33268981628894784,0.33553452520882426,0.4972684726188825,-0.26932081346867154,-0.10007610749777296
2022-04-29,-0.03546415753002119,-0.06503002710680106,0,0,0,0.3260756456470356,0.32243492577339694,0.46899056485881147,-0.3150172030476792,-0.14613301718235228
2022-05-06,-0.06503002710680106,-0.23929177928377843,1,0,1,0.2828211448913449,0.2963059421937621,0.4071961832465092,-0.32474639931038585,-0.13542915120928622
2022-05-13,-0.23929177928377843,-0.014598747662113776,0,0,0,0.28765945518864233,0.42539993554261246,0.4951524429831497,-0.316831604019852,-0.11408902278608757
2022-05-20,-0.014598747662113776,-0.07442271505102221,0,0,0,0.345518310023964,0.43622430453311445,0.4902460043439657,-0.2318397019595606,-0.11973667444641212
2022-05-27,-0.07442271505102221,0.028877010476404674,0,0,0,0.376785078554028,0.45446784273618573,0.48744161563613037,-0.10169851589508028,-0.013336815911704214
2022-06-03,0.028877010476404674,-0.030359109947182827,0,0,0,0.3822341913032639,0.4695063031447286,0.5163257292956012,-0.11983639059264872,-0.02196486125613273
2022-06-10,-0.030359109947182827,-0.4028428370144063,1,0,1,0.3891897662331022,0.46266638079832173,0.5171623136372121,0.025181235011237924,-0.0079657256173995
2022-06-17,-0.4028428370144063,0.06110026572488944,0,0,0,0.40988079935526367,0.6244162559477772,0.6330963211457784,-0.1788454884901678,-0.05278837125508584
2022-06-24,0.06110026572488944,-0.09568168472084973,0,0,1,0.5694530190620105,0.6605099645257126,0.7076326249092179,0.02956445016535625,0.013356437162653556
2022-07-01,-0.09568168472084973,0.12163637321035527,0,1,0,0.5795260310416324,0.6712033551238491,0.7107552191357224,-0.19797132939619644,-0.10631403728939404
2022-07-08,0.12163637321035527,-0.02218381489462446,0,0,0,0.5791601690873052,0.6560453625890863,0.7272613422477314,-0.10588112840571551,-0.03884859358398174
2022-07-15,-0.02218381489462446,0.17139102678826162,0,1,0,0.5835692593724907,0.5966230700516921,0.7009453946302917,0.018599480848255023,0.03348881422172134
2022-07-22,0.17139102678826162,0.0639140067802032,0,0,0,0.5310522677210848,0.587645212100165,0.7315025248482802,0.04625428919666463,0.05843088782089456
2022-07-29,0.0639140067802032,-0.023750795604509045,0,0,0,0.5061199261427606,0.5965219190450726,0.7829914232171256,0.14348805211033167,0.11824291304096235
2022-08-05,-0.023750795604509045,0.08719608208574581,0,0,0,0.5060904913408345,0.586818435274905,0.7580921732624301,0.1600854218840837,0.0856137125867944
2022-08-12,0.08719608208574581,-0.11966940449087549,1,0,1,0.5028537052687851,0.5785562855131319,0.7606028979973591,0.2574381205187728,0.12396541027879149
2022-08-19,-0.11966940449087549,-0.05867409757447012,0,0,0,0.4854704329423755,0.428738349274526,0.6501459060008561,0.030230336888871445,0.06682494180364973
2022-08-26,-0.05867409757447012,-0.009887099701552798,0,0,0,0.2173748977184562,0.4030757567534406,0.6025510538401807,0.0005592025548182278,-0.025752068155130203
2022-09-02,-0.009887099701552798,0.047909796861280135,0,0,0,0.2833062429771783,0.3925169645474171,0.5967241249431754,-0.1829134893685911,-0.08622362975271525
2022-09-09,0.047909796861280135,-0.10628606740825558,1,0,1,0.31325779994176234,0.39415686168873904,0.5956185026817681,-0.09240516794288389,-0.05384956823318987
2022-09-16,-0.10628606740825558,-0.05983125308151055,0,0,0,0.2993077542245201,0.4011729671629504,0.5875683177031016,-0.1317977780295272,-0.12937489476665665
2022-09-23,-0.05983125308151055,0.020488285481215465,0,0,0,0.3117248664668896,0.41833276750210496,0.5546145386335819,-0.20014209521228832,-0.14971238304382073
2022-09-30,0.020488285481215465,0.0010602281395383079,0,0,0,0.3530587360618145,0.3859334782575668,0.46613359899104795,-0.11235350944107703,-0.11176340458804468
2022-10-07,0.0010602281395383079,-0.018245076241180394,0,0,0,0.3480578493459397,0.3860391760387076,0.46984442707566915,-0.14902589714008396,-0.13026216974908866
2022-10-14,-0.018245076241180394,-0.01604895899691204,0,0,0,0.34624331238050604,0.3878355839138477,0.4502793172124381,-0.18116748849957087,-0.10221435738114693
2022-10-21,-0.01604895899691204,0.12455606751418202,0,1,0,0.3512788851654174,0.33074576481014006,0.40600309620350905,0.003868501775517341,-0.0003269091785318423
2022-10-28,0.12455606751418202,0.03221818346563951,0,0,0,0.34689195594846345,0.28135218762656966,0.4054768959376631,0.08527708088917851,0.050915425236607526
2022-11-04,0.03221818346563951,-0.22019225011386945,1,0,1,0.2750738830165137,0.2626359318668596,0.4033844807148213,-0.04296908766033125,-0.016561281509602566
2022-11-11,-0.22019225011386945,-0.031690532145863114,0,0,0,0.22941204768823856,0.5112693858526436,0.5879224733812837,0.16075260700066218,0.09929787054680883
2022-11-18,-0.031690532145863114,-0.015609207196640072,0,0,0,0.35034254058493797,0.4809620204075581,0.5584521972462767,0.005774836630427771,0.033560171458137944
2022-11-25,-0.015609207196640072,0.053046474976859576,0,0,0,0.480041681968514,0.48101377474247037,0.5662116364993074,-0.054876625076907715,0.05020779377443052
2022-12-02,0.053046474976859576,-0.0010855451753095761,0,0,0,0.45673260294631113,0.4807262386044615,0.5751320762142044,0.05142044888926378,0.11607076105127323
2022-12-09,-0.0010855451753095761,-0.035429604470469445,0,0,0,0.45596784824288994,0.4773287682939883,0.5669442335636347,-0.038565131586814516,-0.0025142162450784156
2022-12-16,-0.035429604470469445,0.005121885823108574,0,0,0,0.455238823748726,0.49253322498256236,0.5822837137417707,-0.086039282313779,-0.03778210030077922
2022-12-23,0.005121885823108574,-0.018671866158241027,0,0,0,0.4511647499502298,0.4915608745419657,0.5824982916795046,-0.10892815991072702,-0.06821588809527324
2022-12-30,-0.018671866158241027,0.03645948857832558,0,0,0,0.47100760333368363,0.4927640991540331,0.5529676959326636,-0.1403406161563745,-0.09568749221102113
2023-01-06,0.03645948857832558,0.1390115570294169,0,1,0,0.4708041839844359,0.49037669042087945,0.5398991527860817,-0.03935380445687997,-0.040321621007674224
2023-01-13,0.1390115570294169,0.12107799998730975,0,1,0,0.47107303759226254,0.21294772070974133,0.3264045371720496,0.04698640748626559,-0.01713441302195573
2023-01-20,0.12107799998730975,0.012416302978877691,0,0,0,0.3889752400300301,0.20376366232360033,0.3606980343367337,0.1636030076882493,0.04759857934288281
2023-01-27,0.012416302978877691,0.028416428320781395,0,0,0,0.15971117385354033,0.16958391044847415,0.331745494135083,0.3186543499001062,0.13017133339939324
2023-02-03,0.028416428320781395,-0.08053127001451876,0,0,0,0.1429990296900359,0.17185424506451402,0.3258533955445721,0.3288983355648596,0.15743259865534398
2023-02-10,-0.08053127001451876,0.10606599355230312,0,0,0,0.14401199141203685,0.21185624998445132,0.3535899729619637,0.10924259761003352,0.07139109671603006
2023-02-17,0.10606599355230312,-0.038152264018572135,0,0,0,0.1492470436946465,0.1647919120236995,0.34887238107869933,0.09676763342794414,0.06332639791268235
2023-02-24,-0.038152264018572135,-0.02486470723108486,0,0,0,0.17572834092904296,0.17658921457766125,0.35559643401633945,-0.01635213749029374,-0.005092458055763416
2023-03-03,-0.02486470723108486,-0.11958152947906439,0,0,1,0.11178004550656989,0.19818119933506942,0.37166710732265373,-0.1129037271444071,-0.039390077552999614
2023-03-10,-0.11958152947906439,0.25026058555702835,0,1,0,0.13533704719648906,0.25491639267297683,0.41063327225702434,-0.08164316392709647,-0.0444985017531101
2023-03-17,0.25026058555702835,0.02099507293101771,0,0,0,0.16256139436317765,0.26315810317318905,0.4884176415299808,-0.03248796852618474,0.0067689858561728045
2023-03-24,0.02099507293101771,0.024346213270643013,0,0,0,0.17967722022854582,0.2676335897746807,0.4642458999634214,-0.002276587255570117,0.06474616148996137
2023-03-31,0.024346213270643013,0.007881840916726612,0,0,0,0.18221230480163464,0.27111517493458215,0.4688809113749868,0.017158538249747668,0.07005488714755792
2023-04-07,0.007881840916726612,0.09856626511797872,0,0,0,0.185237501134833,0.2688301335664396,0.4635658474479461,0.029819379879760355,0.08474399665491816
2023-04-14,0.09856626511797872,-0.10121194256675231,1,0,1,0.18421168692178366,0.2350213344308812,0.4503688311244506,0.01530090834777198,0.03916042422579302
2023-04-21,-0.10121194256675231,0.03470521072027738,0,0,0,0.18042642704233997,0.27339132696512947,0.4501618480183832,0.03286291902952687,0.021905246331421324
2023-04-28,0.03470521072027738,0.016603981654295663,0,0,0,0.15976794639979475,0.2625471306113253,0.44537709850465457,-0.03181969512701155,0.021560063482308323
2023-05-05,0.016603981654295663,-0.09478135352553574,1,0,1,0.2027513595671691,0.25685626749867346,0.4420862187865579,0.026259673900634883,0.015103109661532166
2023-05-12,-0.09478135352553574,0.012901098562161428,0,0,0,0.1907917542834736,0.22334283523418091,0.4217027944108997,-0.0103571696965985,0.02007526187703501
2023-05-19,0.012901098562161428,-0.001962268953703994,0,0,0,0.18439015113514612,0.21450825792609615,0.2970802176890297,0.024892979917875202,0.060957125524423006
2023-05-26,-0.001962268953703994,0.025498827856607564,0,0,0,0.17428943952500725,0.21293680577488505,0.28983719669084945,0.06744139849364839,0.07706202154104602
2023-06-02,0.025498827856607564,-0.022606583767300126,0,0,0,0.17193402003189412,0.20846037733500836,0.28669998093663773,0.13116872147443548,0.11485130164346202
2023-06-09,-0.022606583767300126,-0.05003468835587416,0,0,0,0.17012130161696065,0.22419304698681697,0.2960806889348856,0.056980719547948144,0.08319766086157365
2023-06-16,-0.05003468835587416,0.13699766972673794,0,1,0,0.17580032146001334,0.24834680812332893,0.29313919368720753,0.08073394063706818,0.08700910545519225
2023-06-23,0.13699766972673794,-0.0015706938273558624,0,0,0,0.18958956131126026,0.20415392811806848,0.3129588444407857,0.05024118120726362,0.09042552543055482
2023-06-30,-0.0015706938273558624,-0.015818802268366072,0,0,0,0.18826533505007606,0.21082161414204467,0.3141975109137968,0.061641449013714045,0.04964537276800929
2023-07-07,-0.015818802268366072,0.0323887367814541,0,0,0,0.1404742723816341,0.20112813052911188,0.3020264905608181,0.05454564476597801,0.05010379302717549
2023-07-14,0.0323887367814541,-0.028030206943421676,0,0,0,0.13743458115864043,0.17738703138548215,0.2952331157208913,0.13353134592647065,0.03673186482747415
2023-07-21,-0.028030206943421676,-0.0158468773631405,0,0,0,0.11896638863802551,0.17985029195078253,0.2964244346797296,0.13880872436659297,0.025506707199641987
2023-07-28,-0.0158468773631405,-0.014848130580077501,0,0,0,0.11752010657718458,0.1773919560538553,0.2915793022015015,0.13268643189104168,0.052655918214572495
2023-08-04,-0.014848130580077501,0.009588250572039936,0,0,0,0.12486872969016036,0.17329684669817141,0.277739121358333,0.04853960998411555,0.015712424538396164
2023-08-11,0.009588250572039936,-0.10894578341394129,1,0,1,0.12103946375596694,0.14702352218569165,0.26080932182587724,-0.10364965839416529,-0.03443212893118375
2023-08-18,-0.10894578341394129,-0.00716359973266939,0,0,0,0.11240683218319575,0.20768520771774415,0.29371758666435815,-0.15994694412412302,-0.047708611863598094
2023-08-25,-0.00716359973266939,-0.012806775965679917,0,0,0,0.0879288887072409,0.2113897187334877,0.2409309839594395,-0.17105804861584195,-0.0520788280632738
2023-09-01,-0.012806775965679917,0.007214447589154405,0,0,0,0.19831871568075393,0.2252558338387592,0.26656312659190096,-0.03288100751590983,0.014807587510975218
2023-09-08,0.007214447589154405,0.010320909032838388,0,0,0,0.1983674922794395,0.22016520423808514,0.2619725862299047,-0.004254346947291765,0.01076679770577016
2023-09-15,0.010320909032838388,-0.013051278333626348,0,0,0,0.218900120215336,0.22782164589381712,0.26190525094687794,0.05374424309574444,0.033537837580154495
2023-09-22,-0.013051278333626348,0.030111318232005857,0,0,0,0.21669438067462293,0.2300275209991893,0.2663390249695369,-0.043711417993328006,-0.007759039521439526
2023-09-29,0.030111318232005857,0.00677886058732563,0,0,0,0.21232496360693273,0.22571323781617778,0.26936886628707873,-0.08464102658254102,-0.05213418228634836
2023-10-06,0.00677886058732563,-0.043539172309329854,0,0,0,0.21157827776659272,0.2287306277661012,0.27972692829963636,-0.08241405533846713,-0.019930030744349736
2023-10-13,-0.043539172309329854,0.060016583429220116,0,0,0,0.21493551073042852,0.2366541929457724,0.28154658378238884,-0.09710440489867178,-0.013579183956897722
2023-10-20,0.060016583429220116,0.12283235983526075,0,1,0,0.21851456708160294,0.15267404767877635,0.2427381358049712,-0.02096280415585161,-0.009291218467863516
2023-10-27,0.12283235983526075,0.021299698864115646,0,0,0,0.21863796746690106,0.15161555517139877,0.30157365939446146,-0.10731385004715355,-0.036844422531999044
2023-11-03,0.021299698864115646,0.1054550767197282,0,0,0,0.12260048841458415,0.11997960569970717,0.2712299332565248,0.03438150891041403,0.008219397096108416
2023-11-10,0.1054550767197282,-0.043478520668662424,0,0,0,0.1230480591013154,0.11923022913693727,0.29945916291931424,0.08736732193091834,0.03526163654892134
2023-11-17,-0.043478520668662424,0.052878003205746205,0,0,0,0.07858497219925802,0.13778893069648304,0.31344825552413785,0.170849169258243,0.08495066660463735
2023-11-24,0.052878003205746205,0.005674012414147223,0,0,0,0.08123394148862907,0.14522354254733538,0.322203264101073,0.244999209663594,0.12523662194093266
2023-12-01,0.005674012414147223,0.1311540659890662,0,1,0,0.08816545828706268,0.14892225776171042,0.3249250509976518,0.23755287073026787,0.07037859599171004
2023-12-08,0.1311540659890662,-0.04477351145974884,0,0,0,0.08061403112717803,0.14285364610247447,0.33131924583036876,0.22274666986668556,0.05800325664311501
2023-12-15,-0.04477351145974884,0.030818012228920666,0,0,0,0.07024386678015093,0.17821312484854535,0.3536388412378414,0.2032924866424315,0.04901830848654498
2023-12-22,0.030818012228920666,-0.0165263608492906,0,0,0,0.12643060680111484,0.17996866335941075,0.34669684140792323,0.20497516419941064,0.049304022329963004
2023-12-29,-0.0165263608492906,0.0038306172435694785,0,0,0,0.12883502202659217,0.1913103787712996,0.31685345399550785,0.15966493726884812,0.054364899385498155
2024-01-05,0.0038306172435694785,0.0650263910823573,0,0,0,0.13046437619774506,0.2295313434385029,0.35254909603720724,0.04509043370903454,0.032454510672361714
2024-01-12,0.0650263910823573,-0.047454216108960945,0,0,0,0.13260735995288442,0.25635079763770935,0.37239293979906823,-0.015522237636471647,0.016833629477903678
2024-01-19,-0.047454216108960945,-0.047605355001252625,0,0,0,0.16027529052347245,0.25265382975521544,0.3662502229550027,-0.08549622342214969,0.029479730451533293
2024-01-26,-0.047605355001252625,0.03352803464599041,0,0,0,0.1974749541114228,0.2727019584719256,0.37871221294020885,-0.09817239432409774,0.029476274192621332
2024-02-02,0.03352803464599041,0.07817768259028846,0,0,0,0.2254079884460288,0.2722584097629243,0.3793092142209073,0.03117433357919941,0.07935919479398645
2024-02-09,0.07817768259028846,0.11591154213937538,0,1,0,0.2248049832181032,0.27293070301965044,0.37096573373927755,0.06701428088520656,0.06547700886107055
2024-02-16,0.11591154213937538,0.011557465848276105,0,0,0,0.22633225328931675,0.2434872671287935,0.36156085782703556,0.10666295530517989,0.022049680540132677
2024-02-23,0.011557465848276105,0.17355787475688056,0,1,0,0.19621978493961875,0.2452087916727153,0.36333104399642574,0.07407977526566922,0.024169095139374264
2024-03-01,0.17355787475688056,0.11459592353416226,0,1,0,0.19353762362674248,0.2337434107995667,0.38721318679449246,0.11204106948534331,0.054723154342218194
2024-03-08,0.11459592353416226,-0.014322448079637118,0,0,0,0.19289412417018262,0.20289253684471145,0.3822817581224166,0.08392361150328798,0.014292252535452299
2024-03-15,-0.014322448079637118,-0.08836011561658252,0,0,0,0.19155621256794658,0.19567772046981877,0.3652284936502006,0.030632373813369806,-0.0013587136965371727
2024-03-22,-0.08836011561658252,0.06384681349084631,0,0,0,0.16895029661600605,0.2673140691710439,0.4189777815731933,0.09494398016860339,0.023062499474229448
2024-03-29,0.06384681349084631,-0.05159223906281918,0,0,0,0.19571018496357076,0.24005322894922063,0.40501509455057105,0.05593727594675402,0.012669215591169625
2024-04-05,-0.05159223906281918,0.0037284835689512796,0,0,0,0.16267926652473616,0.2732495051456838,0.4350766508557527,-0.0020491290062065737,-0.009921251339375381
2024-04-12,0.0037284835689512796,-0.08199808888348414,0,0,0,0.18897343423627125,0.30283711609709796,0.46212691590525895,-0.030389054027645468,-0.0006616502439662497
2024-04-19,-0.08199808888348414,0.026247681346787344,0,0,0,0.19189443082266908,0.3487551007038349,0.4872344656249286,-0.1334845247458154,-0.07259265372943968
2024-04-26,0.026247681346787344,-0.02928595918493948,0,0,0,0.275349605586604,0.34996004985960444,0.4910458787989807,-0.0838691113273633,-0.029739163256286005
2024-05-03,-0.02928595918493948,-0.020915034878862704,0,0,0,0.2756863725023984,0.37907829494644313,0.4875330233153287,-0.05228346042138421,-0.011393462988119829
2024-05-10,-0.020915034878862704,0.05650404404585707,0,0,0,0.2864920092869286,0.3832219446382765,0.4634659290981792,-0.052918655952399085,0.008610486835750386
2024-05-17,0.05650404404585707,0.11217674642058895,0,0,0,0.2929914900147756,0.3713006109497023,0.4625339365742985,0.0518553159766868,0.08571636459176446
2024-05-24,0.11217674642058895,0.0033277085578584664,0,0,0,0.295296056425784,0.3144988240122828,0.468012226844092,-0.009004237706882634,0.06065202972090322
2024-05-31,0.0033277085578584664,0.007368995645501197,0,0,0,0.2514232539902046,0.31564395239630416,0.45503953058790214,-0.03427644409900532,0.05427435298242855
2024-06-07,0.007368995645501197,-0.06315198818057488,0,0,0,0.25143708036227036,0.2899735912199535,0.43388975483391806,-0.00546154495022888,0.04855042710582769
2024-06-14,-0.06315198818057488,-0.008730352281459242,0,0,0,0.23294932960108178,0.2768160810454086,0.4113385296085377,-0.007225534377790499,0.0584591432239181
2024-06-21,-0.008730352281459242,-0.04065977360657458,0,0,0,0.24915203967781127,0.2251568614909981,0.3782013627710483,-0.012252461408694515,0.05230448609403471
2024-06-28,-0.04065977360657458,-0.1099486800906797,0,0,1,0.15729334671001266,0.24128873437485923,0.38208480222577124,0.039163279858710265,0.060832348332495734
2024-07-05,-0.1099486800906797,0.03830292613836406,0,0,0,0.17800505023894375,0.2633572647971604,0.384010975190794,0.02916496329533258,0.06961555851640888
2024-07-12,0.03830292613836406,0.1211723239678757,0,1,0,0.16185975769835168,0.2552713753080372,0.3827642805810422,0.006750801623097935,0.04425848162827961
2024-07-19,0.1211723239678757,-0.023255846037282035,0,0,0,0.20769244110413404,0.25319511738298367,0.3975368733166156,0.03511617022237745,-0.011435802868404288
2024-07-26,-0.023255846037282035,-0.0653193493450237,0,0,0,0.20442198670804768,0.2672013464875334,0.34457733778762606,-0.011919960655962125,-0.03947236090730666
2024-08-02,-0.0653193493450237,-0.0927323379284164,0,0,0,0.20564411442708488,0.2838527571357583,0.35404664612294084,-0.10622839488337865,-0.1004325707926208
2024-08-09,-0.0927323379284164,-0.023263712877895526,0,0,0,0.2126806629815578,0.41353987907540085,0.49714155173081065,-0.07918728357602456,-0.09403575009769316
2024-08-16,-0.023263712877895526,0.0628828072504245,0,0,0,0.3107137322576663,0.41103709059250637,0.49781645327618623,-0.029356669881421826,-0.00044189236192782033
2024-08-23,0.0628828072504245,-0.07837755459378903,0,0,0,0.29518590663859756,0.40622384744184675,0.5050730348089201,0.04546234941246263,0.036123827304515466
2024-08-30,-0.07837755459378903,-0.08926374262093906,0,0,0,0.296071595503172,0.42506658217568355,0.5209257103970231,0.11047765270309196,0.05951904422599963
2024-09-06,-0.08926374262093906,0.07775563926338014,0,0,0,0.3218009489138019,0.410200518962496,0.5086807757743282,0.01685216610661433,0.001382796837187783
2024-09-13,0.07775563926338014,0.05160441787798875,0,0,0,0.32483719880348294,0.40855387457708414,0.511649662245282,0.03325892997600022,0.0019373664196171703
2024-09-20,0.05160441787798875,0.049269624681565594,0,0,0,0.301065256807591,0.4142491901850051,0.5046367237689552,0.05284506874824979,0.0158577652913392
2024-09-27,0.049269624681565594,-0.08734225486870772,0,0,0,0.3027298204226114,0.4045277840069433,0.4990045308720753,0.0646050583454163,0.035018951974985946
2024-10-04,-0.08734225486870772,0.008810699046775228,0,0,0,0.3018456181360941,0.41154549349476294,0.505121166972352,0.12514079031036962,0.08399300207395122
2024-10-11,0.008810699046775228,0.08897159220489292,0,0,0,0.3141641997949316,0.28176550533180056,0.36676653978937285,0.07453499952238785,0.0386129892217415
2024-10-18,0.08897159220489292,-0.04379680089366178,0,0,0,0.22119358015281185,0.2676044866359815,0.3724399591853673,0.07719931237320354,0.026034121863969695
2024-10-25,-0.04379680089366178,0.03396135340100459,0,0,0,0.22178926894573753,0.283437147317916,0.37306443331902805,0.04139420791019788,0.017453334910447538
2024-11-01,0.03396135340100459,0.12243260937898559,0,1,0,0.22047747024950107,0.24591453367911204,0.35593186646102837,0.037814830113461095,0.00022557210141105344
2024-11-08,0.12243260937898559,0.10440089413895248,0,0,0,0.16742700823602247,0.20746100851663674,0.3870940381700696,0.1307933852756853,0.041256433404560866
2024-11-15,0.10440089413895248,0.08577750794538463,0,0,0,0.17133265579609286,0.21471970185878606,0.4137353501445323,0.14831185950712333,0.0042380241501973615
2024-11-22,0.08577750794538463,0.029032083203661685,0,0,0,0.15239554297335986,0.20544323343285,0.4106428695281751,0.21493632589706557,0.02091760278535837
2024-11-29,0.029032083203661685,0.060405298909317784,0,0,0,0.1518156034852694,0.21303684648357551,0.424204081004146,0.24067603139864158,0.05212575854360324
2024-12-06,0.060405298909317784,0.0005623055010564038,0,0,0,0.15332372466999009,0.1740041805302487,0.40610887794369227,0.19534180508047783,0.02488537829783155
2024-12-13,0.0005623055010564038,-0.10123643696740392,1,0,1,0.10972342280498201,0.20257491584130935,0.42534831533244677,0.08737250430078136,0.0420378075827168
2024-12-20,-0.10123643696740392,-0.005635092104673056,0,0,0,0.11761989606677518,0.2737997211249945,0.46737611796344597,0.004682661133919908,0.026729768724367275
2024-12-27,-0.005635092104673056,0.04268518174273073,0,0,0,0.11609596949214765,0.2736997270752251,0.4699286277896287,-0.027915983714929204,0.03519867169603241
2025-01-03,0.04268518174273073,-0.06060635074812226,0,0,0,0.20691893297007277,0.263776493887464,0.45935227409553075,-0.05215944771040526,-0.007373056444262005
2025-01-10,-0.06060635074812226,0.07256011485774261,0,0,0,0.21017933435988373,0.298822454370655,0.43911325783829364,-0.06064031347642507,-0.024485007830271854
2025-01-17,0.07256011485774261,-0.007496418835786889,0,0,0,0.22153959932070522,0.3001598376292352,0.42990708736904215,-0.030886679772533565,-0.02498021169656539
2025-01-24,-0.007496418835786889,-0.010604169003046504,0,0,0,0.23985390019302813,0.303911172082698,0.4155941152985112,0.07127843677286982,0.012845877034733277
2025-01-31,-0.010604169003046504,-0.13932195553906057,1,0,1,0.2402669171609002,0.3088769446963779,0.40989553052540406,0.11823280857100382,0.02140332970236969
2025-02-07,-0.13932195553906057,0.012767460869187675,0,0,0,0.24467569878581977,0.3642250666753701,0.4364271685090372,0.10264125722423856,0.014737323435813465
2025-02-14,0.012767460869187675,-0.007627144125358365,0,0,0,0.3118720321307785,0.34617819519756066,0.413849042665312,0.1331777644713248,0.047705597359700036
2025-02-21,-0.007627144125358365,-0.18143765932492695,0,0,1,0.30810193400998515,0.2978043128345717,0.3755599252911782,-0.017305796337542034,-0.012392360927139023
2025-02-28,-0.18143765932492695,0.01960854771131304,0,0,0,0.308357845574624,0.36071179628026284,0.41307412070762517,-0.10583325028539914,-0.028860932296121078
2025-03-07,0.01960854771131304,-0.0886647664561322,0,0,0,0.31085565476399457,0.4009558645398127,0.4907321087613305,-0.15760575238880703,-0.0740700390757496
2025-03-14,-0.0886647664561322,0.019529771637659232,0,0,0,0.3367086148714115,0.408085759988695,0.4947401625779658,-0.24758006797911047,-0.11087004200830552
2025-03-21,0.019529771637659232,-0.0038289496611476626,0,0,0,0.36703328431043925,0.40662705886954287,0.48097597788957214,-0.11903066088346703,-0.08991886242658875
2025-03-28,-0.0038289496611476626,-0.04283130148101544,0,0,0,0.3557595086686275,0.4113650441780404,0.4883066519073352,-0.11601150701687546,-0.07885113994102966
2025-04-04,-0.04283130148101544,-0.08192995911628365,0,0,0,0.35482893451965497,0.4163569932147503,0.4913463692681133,-0.1871787375142424,-0.14996987455030997
2025-04-11,-0.08192995911628365,0.025385806493382623,0,0,0,0.3640672893044184,0.4160414074011475,0.5021380311769621,-0.053629651525075595,-0.05260955075956897
2025-04-18,0.025385806493382623,0.11357698505386615,0,1,0,0.35646507732803423,0.41686976321195607,0.5096293142952544,-0.0782455142357592,-0.07470332526350898
2025-04-25,0.11357698505386615,0.029512967680556335,0,0,0,0.35505885593358594,0.41417804658220475,0.5379288846563028,0.022416181806899527,-0.018990764024334972
2025-05-02,0.029512967680556335,0.1500564441610066,0,1,0,0.35514117319367045,0.3493146187284704,0.4973291807325967,0.14116967860162344,0.08130163762708609
2025-05-09,0.1500564441610066,0.049800644133952465,0,0,0,0.30611298257337527,0.302993287188658,0.4936776640052817,0.16269184827022443,0.08953152115586605
2025-05-16,0.049800644133952465,0.02632472334438485,0,0,0,0.27102930126237484,0.25571565165170257,0.46888229504847373,0.23995473312238014,0.1606787489838979
2025-05-23,0.02632472334438485,-0.023452701195500136,0,0,0,0.20782053494472566,0.2576742932579742,0.464597407170486,0.11725958099613232,0.0747547348146389
2025-05-30,-0.023452701195500136,-0.024330200085863618,0,0,0,0.21053512866641091,0.2569708547676599,0.46215398819330084,0.12881762466544222,0.07483587796466207
2025-06-06,-0.024330200085863618,0.025235911287289303,0,0,0,0.2121306623309433,0.253888283304164,0.45551295334697656,0.17751867709860036,0.08181645664285941
2025-06-13,0.025235911287289303,-0.026389861574648066,0,0,0,0.20424222886740234,0.19399320898298397,0.42305288352126175,0.07758748827775186,0.014739281642110136
2025-06-20,-0.026389861574648066,0.009256883402926075,0,0,0,0.11025327495753931,0.1989242297591424,0.4210480200285068,0.16389073758401285,0.026524101841221004
2025-06-27,0.009256883402926075,0.02683916708543954,0,0,0,0.1595806293345756,0.22648932089608914,0.42644493772910463,0.18240301976954365,0.053867825287816196
2025-07-04,0.02683916708543954,0.11987685139199655,0,1,0,0.1694042523725182,0.23305070391680727,0.4342993819611615,0.1782628385661198,0.05173270843432398
2025-07-11,0.11987685139199655,0.09665508641758458,0,0,0,0.1697919574253048,0.23135108385808634,0.37257699367880964,0.12383061438362164,0.041234318924145086
2025-07-18,0.09665508641758458,0.009849968794818809,0,0,0,0.17106872963588612,0.22815805883284918,0.3733904132944731,0.15354183793220333,0.06033711307143719
2025-07-25,0.009849968794818809,-0.03150784359009129,0,0,0,0.17102875120281952,0.22040317887329422,0.3622911808027983,0.07902642924504422,0.03622572084535314
2025-08-01,-0.03150784359009129,0.07019382805545771,0,0,0,0.16685055553912786,0.22734061189789947,0.3679686231902851,0.015823040495063445,-0.004215651945374432
2025-08-08,0.07019382805545771,0.06458113685528621,0,0,0,0.16502579130801978,0.21317779896029457,0.37238839578266847,0.06159304353632633,0.03606149760366684
2025-08-15,0.06458113685528621,0.005162449555704107,0,0,0,0.1662849949402697,0.19560585454980078,0.36153093724975965,-0.003936131518856634,0.02824708231165385
2025-08-22,0.005162449555704107,-0.05448213434877447,0,0,0,0.1582803706692514,0.20778821085064728,0.38665692597719004,0.005898578622575812,0.009838970767166444
2025-08-29,-0.05448213434877447,0.0048221737799492015,0,0,0,0.13532826347867222,0.21615572609621667,0.37833487514017117,0.04938812458813091,0.029389769863357174
2025-09-05,0.0048221737799492015,0.05136209671709402,0,0,0,0.1612957183800349,0.21106810152726385,0.36877005176281896,-0.020738741701863184,0.01190973713082677
2025-09-12,0.05136209671709402,-0.01248002906922463,0,0,0,0.17484203249225813,0.21256244861931567,0.34739069655127175,0.003662407208775864,0.011606759397960076
2025-09-19,-0.01248002906922463,-0.09011171380959415,0,0,0,0.17406800978268397,0.21649885450066042,0.3332471781274535,0.09832666156940029,0.06206872377936801
2025-09-26,-0.09011171380959415,0.11437788434247875,0,1,0,0.17513612771403986,0.24694583929760158,0.3520745881672738,0.022489261522516735,0.03336786870977626
2025-10-03,0.11437788434247875,-0.10878528356466433,1,0,1,0.19694155645157127,0.22628680075057273,0.35459124208758214,0.0829283763263895,0.04716249794947913
2025-10-10,-0.10878528356466433,-0.04209023214783869,0,0,0,0.2011133660369805,0.32252881271033124,0.41023445244803,0.008372757302435474,0.005988022829974682
2025-10-17,-0.04209023214783869,0.03445650608215112,0,0,0,0.1901137468986517,0.33955902038785235,0.4218497021758338,-0.058085517937970454,0.008771221031830478
2025-10-24,0.03445650608215112,-0.016051468542964464,0,0,0,0.30521117363897166,0.33368587382643994,0.4033186397612214,0.031675200554349026,0.034840752287161436
2025-10-31,-0.016051468542964464,-0.10165864880700015,1,0,1,0.3025344759668461,0.3241352849487351,0.4020026894161022,-0.01646848175188964,0.04202683306719379
2025-11-07,-0.10165864880700015,-0.06562605436679658,0,0,0,0.28794169040156037,0.380245988956447,0.44497953026646164,-0.06052263200710506,0.0337578769298128
2025-11-14,-0.06562605436679658,-0.13023330648718945,0,0,1,0.3326036069130178,0.4082529547174931,0.46218196048991034,-0.0915746248062983,0.008130099830007786
2025-11-21,-0.13023330648718945,0.08877114029569055,0,0,0,0.3349623121789921,0.4345541147645761,0.4771242775875635,-0.2207816235469151,-0.04478984283445975
2025-11-28,0.08877114029569055,-0.0026075901561530834,0,0,0,0.3676544194576829,0.41695429103977893,0.4823458438209715,-0.10972778765847302,-0.01092110089991749
2025-12-05,-0.0026075901561530834,0.014630818725209549,0,0,0,0.3695479453963631,0.43994268235920164,0.5006476904716535,-0.024502267531966382,0.02232640137768538
2025-12-12,0.014630818725209549,-0.05143492476788114,0,0,0,0.3690797982875771,0.37911036923192176,0.46186726278183676,-0.011251846585802916,0.00854329643575813
2025-12-19,-0.05143492476788114,0.002000536263514041,0,0,0,0.36839307061966375,0.3648085569004624,0.4339971548908013,0.08765666750752343,0.05219349175032484
2025-12-26,0.002000536263514041,0.03569253649351256,0,0,0,0.2959226708568556,0.36079575866068014,0.4239043708912152,0.004148639410038513,0.016827039570415536
2026-01-02,0.03569253649351256,0.006506207081131921,0,0,0,0.2893796784229573,0.347176509480825,0.4119311867426242,-0.040612205354364495,-0.015532640754067906
2026-01-09,0.006506207081131921,0.055129038546635645,0,0,0,0.28495987278360074,0.2891874650533944,0.3726852086214863,-0.037411088772906886,-0.00024319011726614548
2026-01-16,0.055129038546635645,-0.08386896598988258,0,0,0,0.2207641323163115,0.24782908505092344,0.3538712858546651,0.003596792074760824,0.035424579423215086
2026-01-23,-0.08386896598988258,-0.0783172103274854,0,0,0,0.22093747491040813,0.23396279340927237,0.34367608991324017,-0.05499236480609282,0.00098008757153778
2026-01-30,-0.0783172103274854,-0.2673873805288607,1,0,1,0.20641945514123225,0.2853392405990146,0.37198301948655593,-0.09554115463543944,0.01223137557114029
2026-02-06,-0.2673873805288607,0.01604744459254437,0,0,0,0.18604473428139054,0.4300744578383047,0.4620126005208491,-0.2376766093075493,-0.017592170680687857
2026-02-13,0.01604744459254437,-0.01752162841110383,0,0,0,0.31579840890772587,0.433529045536363,0.4718135163163839,-0.2459782161733357,-0.03246183809964176
2026-02-20,-0.01752162841110383,-0.008379765605130318,0,0,0,0.3543805128177105,0.43258788682205324,0.4765268211199035,-0.1881931967330308,-0.019438277399010495
2026-02-27,-0.008379765605130318,0.032525543942741764,0,0,0,0.34863990275079376,0.44789360634059844,0.5187987765532188,-0.1421776474354619,-0.03580821731301764
2026-03-06,0.032525543942741764,0.04665680413911921,0,0,0,0.34965714636417294,0.45917744906580593,0.5435794466869579,0.09207223205064707,0.004545399470051947
2026-03-13,0.04665680413911921,-0.004118193473159448,0,0,0,0.351389484920295,0.45870693107015076,0.5520223570919142,0.0750155609783727,-0.011587976853390636
2026-03-20,-0.004118193473159448,-0.057131700724078804,0,0,0,0.36029935474970054,0.473973492787235,0.5643482716200651,0.02158912209637931,-0.044932792422920365
2026-03-27,-0.057131700724078804,0.009730103942853008,0,0,0,0.3573858881325303,0.47366244245001715,0.5702033599214521,-0.07007375086111889,-0.07521291322919499
2026-04-03,0.009730103942853008,0.08102436497469345,0,0,0,0.35334495078794176,0.44867635623249513,0.5556588293157764,-0.08747094056126592,-0.0388326360129394
2026-04-10,0.08102436497469345,0.06496059051822245,0,0,0,0.3639506359733285,0.2794469598409528,0.44160793566236756,-0.03970650718011148,0.02411908987318956
2026-04-17,0.06496059051822245,-0.010455446250890343,0,0,0,0.2581693626592871,0.26982553395691244,0.4331720535406297,0.08025313498455233,0.09123352385031769
2026-04-24,-0.010455446250890343,-0.005590226359223571,0,0,0,0.19899915209952948,0.2717312760603616,0.43301566394559504,0.12645531260763487,0.1458379801811276
2026-05-01,-0.005590226359223571,0.014948989626694775,0,0,0,0.18936919723598075,0.24708619169786564,0.3836908558213771,0.0991950054080486,0.14187504906931814
2026-05-08,0.014948989626694775,-0.013292056366123628,0,0,0,0.18611440512076238,0.23142559296548576,0.35040465631717654,0.0960439793562915,0.15178430719599145
2026-05-15,-0.013292056366123628,-0.058792673799580975,0,0,0,0.182633221986544,0.23033167614031416,0.3377570250254998,-0.06814072193109633,0.08855525316350832
2026-05-22,-0.058792673799580975,-0.03796544013743364,0,0,0,0.17122297117367308,0.2111428362429426,0.300519897131674,-0.04779882548121783,0.0777272469790864
2026-05-29,-0.03796544013743364,-0.19402198482269717,1,0,1,0.18585867429989453,0.18250717090081084,0.2721277607893371,0.045084686833050114,0.10046492570770038
2026-06-05,-0.19402198482269717,0.022300757656104953,0,0,0,0.14702131057237172,0.2837362867949504,0.33806588578338254,-0.10200230583947434,0.014457387695283153
